Team ID , Team  , Region , Country , Track , Kind , Size , Status , Year
4744,Aachen,Europe,Germany,Bioremediation,Collegiate,29,Accepted,2023
4701,Aalto-Helsinki,Europe,Finland,Environment,Collegiate,12,Accepted,2023
4831,ABOA-Turku,Europe,Finland,Bioremediation,Collegiate,18,Accepted,2023
4586,AFCM-Egypt,Africa,Egypt,Therapeutics,Collegiate,24,Accepted,2023
4778,AFMU-China,Asia,China,Diagnostics,Collegiate,25,Accepted,2023
4808,AIS-China,Asia,China,High School,Commercial,25,Accepted,2023
4582,Aix-Marseille,Europe,France,Climate Crisis,Collegiate,10,Accepted,2023
4732,Alma,North America,United States,Bioremediation,Collegiate,5,Accepted,2023
4780,ANU-Australia,Asia,Australia,Bioremediation,Collegiate,10,Accepted,2023
4746,AshesiGhana,Africa,Ghana,Biomanufacturing,Collegiate,13,Accepted,2023
4738,ASIJ-Tokyo,Asia,Japan,High School,High_school,25,Accepted,2023
4895,ASU,North America,United States,Bioremediation,Collegiate,13,Accepted,2023
4810,Athens,Europe,Greece,Diagnostics,Collegiate,7,Accepted,2023
4579,Austin-UTexas,North America,United States,Agriculture,Collegiate,14,Accepted,2023
4714,BAID-China,Asia,China,High School,High_school,9,Accepted,2023
4962,Bangkok-NMH,Asia,Thailand,Software & AI,Collegiate,16,Accepted,2023
4770,Barcelona-UB,Europe,Spain,Bioremediation,Collegiate,16,Accepted,2023
4880,BASIS-China,Asia,China,High School,High_school,26,Accepted,2023
5004,BFSU-ICUnited,Asia,China,High School,Commercial,2,Accepted,2023
4799,BGI-MammothEdu-China,Asia,China,High School,Commercial,23,Accepted,2023
4717,BIBS-beijing-china,Asia,China,High School,High_school,8,Accepted,2023
4877,Bielefeld-CeBiTec,Europe,Germany,Therapeutics,Collegiate,15,Accepted,2023
4969,BilkenTR-UNAM,Europe,Turkey,Therapeutics,Collegiate,11,Accepted,2023
4804,Bioplus-China,Asia,China,High School,Commercial,20,Accepted,2023
4824,Bioplus-Shanghai,Asia,China,High School,Commercial,17,Accepted,2023
4691,BIT,Asia,China,Environment,Collegiate,9,Accepted,2023
4616,BIT-China,Asia,China,Biomanufacturing,Collegiate,25,Accepted,2023
4963,BITSPilani-Goa-India,Asia,India,Therapeutics,Collegiate,14,Accepted,2023
4722,BJEA-China,Asia,China,High School,High_school,10,Accepted,2023
4861,BJHS,Asia,China,High School,Commercial,12,Accepted,2023
4657,BJWZ-China,Asia,China,High School,High_school,13,Accepted,2023
4945,BJYUAN-CHINA,Asia,China,High School,High_school,13,Accepted,2023
4593,BNDS-China,Asia,China,High School,High_school,18,Accepted,2023
4623,BNU-China,Asia,China,Biomanufacturing,Collegiate,36,Accepted,2023
4737,BNUZH-China,Asia,China,Therapeutics,Collegiate,30,Accepted,2023
4700,BOKU-Vienna,Europe,Austria,Biomanufacturing,Collegiate,11,Accepted,2023
4816,Bonn-Rheinbach,Europe,Germany,Bioremediation,Collegiate,13,Accepted,2023
4708,BostonU-HW,North America,United States,Foundational Advance,Collegiate,11,Accepted,2023
4667,BPI-China,Asia,China,Diagnostics,Collegiate,20,Accepted,2023
4906,Brest,Europe,France,,Collegiate,1,Withdrawn,2023
4897,BS-United-China,Asia,China,High School,Commercial,32,Accepted,2023
4644,BUCT,Asia,China,Therapeutics,Collegiate,26,Accepted,2023
4612,BUCT-China,Asia,China,Diagnostics,Collegiate,35,Accepted,2023
4855,Bulgaria,Europe,Bulgaria,Environment,Collegiate,35,Accepted,2023
5024,BZK,Asia,China,High School,Commercial,13,Accepted,2023
4862,BZK-SH,Asia,China,High School,Commercial,24,Accepted,2023
4944,Calgary,North America,Canada,Therapeutics,Collegiate,16,Accepted,2023
4769,Cambridge,Europe,United Kingdom,Environment,Collegiate,18,Accepted,2023
4872,Canton-HS,Asia,China,High School,Commercial,3,Accepted,2023
4614,CAU-China,Asia,China,Biomanufacturing,Collegiate,23,Accepted,2023
4610,CCA-San-Diego,North America,United States,High School,High_school,12,Accepted,2023
4674,CCU-Taiwan,Asia,Taiwan,Diagnostics,Collegiate,36,Accepted,2023
4902,Chalmers-Gothenburg,Europe,Sweden,Food & Nutrition,Collegiate,12,Accepted,2023
4642,City-of-London-UK,Europe,United Kingdom,High School,High_school,36,Accepted,2023
4611,CJUH-JLU-China,Asia,China,Diagnostics,Collegiate,18,Accepted,2023
4740,CNAS-Romania,Europe,Romania,High School,High_school,10,Accepted,2023
5012,CollegiateRVA,North America,United States,High School,High_school,1,Accepted,2023
4684,Concordia-Montreal,North America,Canada,Diagnostics,Collegiate,27,Accepted,2023
4580,Cornell,North America,United States,Biomanufacturing,Collegiate,24,Accepted,2023
4990,CPU-CHINA,Asia,China,Therapeutics,Collegiate,24,Accepted,2023
5026,Crete,Europe,Unspecified,Conservation(P),Collegiate,1,Pending,2023
4618,CSMU-Taiwan,Asia,Taiwan,Bioremediation,Collegiate,14,Accepted,2023
4585,CSU-CHINA,Asia,China,Therapeutics,Collegiate,10,Accepted,2023
4919,CU-Boulder,North America,United States,Agriculture,Collegiate,8,Accepted,2023
4767,CUG-China,Asia,China,Environment,Collegiate,44,Accepted,2023
4587,DKU,Asia,China,Agriculture,Collegiate,17,Accepted,2023
4651,DNHS-SanDiego-CA,North America,United States,High School,High_school,13,Accepted,2023
4811,DTU-Denmark,Europe,Denmark,Environment,Collegiate,15,Accepted,2023
4706,Duesseldorf,Europe,Germany,Agriculture,Collegiate,28,Accepted,2023
4646,Duke,North America,United States,Therapeutics,Collegiate,13,Accepted,2023
4766,DUT-China,Asia,China,Diagnostics,Collegiate,4,Accepted,2023
4649,EastCoastBioCrew,North America,United States,High School,High_school,15,Accepted,2023
4849,Edinburgh,Europe,United Kingdom,Climate Crisis,Collegiate,16,Accepted,2023
4888,EPFL,Europe,Switzerland,Therapeutics,Collegiate,11,Accepted,2023
4917,Estonia-TUIT,Europe,Estonia,Conservation,Collegiate,10,Accepted,2023
4601,Evry-Paris-Saclay,Europe,France,Therapeutics,Collegiate,25,Accepted,2023
4572,Example,Europe,France,,Collegiate,21,Accepted,2023
4573,Example-HS,North America,United States,High School,High_school,7,Accepted,2023
4694,Exeter,Europe,United Kingdom,Therapeutics,Collegiate,20,Accepted,2023
4930,FAU-Erlangen,Europe,Germany,Diagnostics,Collegiate,21,Accepted,2023
4881,FDR-HBPeru,Latin America,Peru,High School,High_school,17,Accepted,2023
4604,Freiburg,Europe,Germany,Foundational Advance,Collegiate,18,Accepted,2023
4846,FSHS-GD,Asia,China,High School,Commercial,6,Accepted,2023
4680,FSU,North America,United States,Therapeutics,Collegiate,15,Accepted,2023
4765,Fudan,Asia,China,Environment,Collegiate,14,Accepted,2023
4870,Fujian-United,Asia,China,High School,Commercial,25,Accepted,2023
4688,FZPt-CHINA,Asia,China,Bioremediation,Collegiate,40,Accepted,2023
5005,GEC-CHINA,Asia,China,High School,Commercial,17,Accepted,2023
5001,GEC-Guangzhou,Asia,China,High School,Commercial,25,Accepted,2023
4852,GEMS-Taiwan,Asia,Taiwan,High School,Commercial,35,Accepted,2023
4736,GeorgiaState-SWJTU,North America,United States,Biomanufacturing,Collegiate,11,Accepted,2023
4715,Gifu,Asia,Japan,Foundational Advance,Collegiate,9,Accepted,2023
4825,GreatBay-SCIE,Asia,China,High School,High_school,24,Accepted,2023
4720,Groningen,Europe,Netherlands,Diagnostics,Collegiate,12,Accepted,2023
4660,GU-Frankfurt,Europe,Germany,Environment,Collegiate,11,Accepted,2023
4581,Guangxi-U-China,Asia,China,Therapeutics,Collegiate,39,Accepted,2023
4891,Guangzhou-MedX,Asia,China,High School,Commercial,20,Accepted,2023
4597,Guelph,North America,Canada,Food & Nutrition,Collegiate,54,Accepted,2023
4678,GXU-China,Asia,China,Biomanufacturing,Collegiate,31,Accepted,2023
4723,H14Z-AP,Asia,China,High School,High_school,12,Accepted,2023
4797,HainanU-China,Asia,China,Therapeutics,Collegiate,7,Accepted,2023
4669,Hamburg,Europe,Germany,Therapeutics,Collegiate,26,Accepted,2023
4883,Hangzhou-BioX,Asia,China,High School,Commercial,13,Accepted,2023
4882,Hangzhou-SDG,Asia,China,High School,Commercial,10,Accepted,2023
4999,Harvard,North America,United States,Foundational Advance,Collegiate,15,Accepted,2023
4687,HBUT-China,Asia,China,Foundational Advance,Collegiate,26,Accepted,2023
4757,Heidelberg,Europe,Germany,Bioremediation,Collegiate,23,Accepted,2023
4761,HiZJU-China,Asia,China,Therapeutics,Collegiate,23,Accepted,2023
4794,HK-Joint-School,Asia,Hong Kong,High School,High_school,48,Accepted,2023
4837,HK-SKHLPSS,Asia,Hong Kong,High School,High_school,7,Accepted,2023
4946,HKGTC,Asia,Hong Kong,High School,High_school,16,Accepted,2023
4774,HKPOLYU,Asia,Hong Kong,Therapeutics,Collegiate,24,Accepted,2023
4823,HKSSC,Asia,Hong Kong,High School,High_school,10,Accepted,2023
4696,HKU-HongKong,Asia,Hong Kong,Therapeutics,Collegiate,28,Accepted,2023
4725,HKUST,Asia,Hong Kong,Food & Nutrition,Collegiate,32,Accepted,2023
4752,HNU-China,Asia,China,Agriculture,Collegiate,23,Accepted,2023
4867,HongKong-CUHK,Asia,Hong Kong,Bioremediation,Collegiate,13,Accepted,2023
4813,HongKong-JSS,Asia,Hong Kong,High School,High_school,45,Accepted,2023
4670,HongKong-PuiChing,Asia,Hong Kong,High School,High_school,19,Accepted,2023
4676,Hopkins,North America,United States,Biomanufacturing,Collegiate,27,Accepted,2023
4664,HS-China,Asia,China,High School,Commercial,30,Accepted,2023
4698,HS-Shanghai,Asia,China,High School,Commercial,27,Accepted,2023
4677,HSASNU,Asia,China,High School,High_school,10,Accepted,2023
4666,HUBU-China,Asia,China,Climate Crisis,Collegiate,23,Accepted,2023
4912,HUBU-HUBEI-CHINA,Asia,China,Biomanufacturing,Collegiate,20,Accepted,2023
4927,HUBU-SKY-China,Asia,China,Environment,Collegiate,18,Accepted,2023
4832,HUBU-WUHAN-CHINA,Asia,China,Agriculture,Collegiate,19,Accepted,2023
4595,HUST-China,Asia,China,Climate Crisis,Collegiate,6,Accepted,2023
4900,HUST-UEVE-UPSaclay,Asia,China,Food & Nutrition,Collegiate,27,Accepted,2023
4645,HZAU-China,Asia,China,Therapeutics,Collegiate,5,Accepted,2023
4690,iBowu-China,Asia,China,High School,Commercial,20,Accepted,2023
4692,ICT-Mumbai,Asia,India,Food & Nutrition,Collegiate,1,Accepted,2023
4695,IFB-Gdansk,Europe,Poland,Bioremediation,Collegiate,14,Accepted,2023
4829,IISc-Bengaluru,Asia,India,Therapeutics,Collegiate,38,Accepted,2023
4958,IISER-Bhopal,Asia,India,Environment,Collegiate,14,Accepted,2023
4781,IISER-Kolkata,Asia,India,Agriculture,Collegiate,16,Accepted,2023
4933,IISER-Mohali,Asia,India,Foundational Advance,Collegiate,3,Accepted,2023
4879,IISER-Pune-India,Asia,India,Climate Crisis,Collegiate,22,Accepted,2023
4836,IISER-Tirupati-India,Asia,India,Therapeutics,Collegiate,17,Accepted,2023
4693,IISER-TVM,Asia,India,Diagnostics,Collegiate,22,Accepted,2023
4898,IIT-Delhi,Asia,India,Bioremediation,Collegiate,20,Accepted,2023
4931,IIT-Madras,Asia,India,Foundational Advance,Collegiate,20,Accepted,2023
4838,IIT-Roorkee,Asia,India,Diagnostics,Collegiate,11,Accepted,2023
4896,IITChicago,North America,United States,Therapeutics,Collegiate,5,Accepted,2023
4818,INSAENSLyon1,Europe,France,Therapeutics,Collegiate,23,Accepted,2023
4807,IOANNINA,Europe,Greece,Therapeutics,Collegiate,10,Accepted,2023
4577,Ionis-Paris,Europe,France,Climate Crisis,Collegiate,15,Accepted,2023
4952,ISPanama,Latin America,Panama,High School,High_school,9,Accepted,2023
4940,iZJU-China,Asia,China,Bioremediation,Collegiate,23,Accepted,2023
4955,Japan-United,Asia,Japan,High School,High_school,23,Accepted,2023
4921,JCVI-UCSD,North America,United States,Climate Crisis,Collegiate,12,Accepted,2023
4759,Jiangnan-China,Asia,China,Biomanufacturing,Collegiate,28,Accepted,2023
4840,Jiangsu-United,Asia,China,High School,Commercial,4,Accepted,2023
4980,Jilin-China,Asia,China,Therapeutics,Collegiate,3,Accepted,2023
4609,JLU-China,Asia,China,Therapeutics,Collegiate,21,Accepted,2023
4833,JLU-NBBMS,Asia,China,Therapeutics,Collegiate,18,Accepted,2023
4650,KCIS-Xiugang-Taipei,Asia,Taiwan,High School,High_school,22,Accepted,2023
4584,KCL-UK,Europe,United Kingdom,Diagnostics,Collegiate,17,Accepted,2023
4863,Keystone,Asia,China,High School,High_school,19,Accepted,2023
4869,Korea-HS,Asia,"Korea, Republic Of",High School,Commercial,22,Accepted,2023
4953,KUAS-SEOUL,Asia,"Korea, Republic Of",Diagnostics,Collegiate,17,Accepted,2023
4661,KULeuven,Europe,Belgium,Biomanufacturing,Collegiate,15,Accepted,2023
4655,Kyoto,Asia,Japan,Agriculture,Collegiate,14,Accepted,2023
4683,Lambert-GA,North America,United States,High School,High_school,17,Accepted,2023
4620,Latvia-Riga,Europe,Latvia,Foundational Advance,Collegiate,20,Accepted,2023
4721,Leiden,Europe,Netherlands,Biomanufacturing,Collegiate,21,Accepted,2023
4754,Lethbridge,North America,Canada,Agriculture,Collegiate,25,Accepted,2023
4599,LethbridgeHS,North America,Canada,High School,High_school,14,Accepted,2023
4805,LINKS-China,Asia,China,High School,Commercial,30,Accepted,2023
4977,Liuan-Shanghai,Asia,China,High School,Commercial,21,Accepted,2023
5028,LJCDSCalifornia,North America,United States,High School,High_school,3,Accepted,2023
4745,Lund,Europe,Sweden,Bioremediation,Collegiate,25,Accepted,2023
4788,LZU-CHINA,Asia,China,Food & Nutrition,Collegiate,38,Accepted,2023
5019,Makerere-Uganda,Africa,Uganda,Environment(P),Collegiate,1,Pending,2023
5029,Manual-KY,North America,United States,High School,High_school,6,Accepted,2023
4729,Marburg,Europe,Germany,Foundational Advance,Collegiate,27,Accepted,2023
4608,McGill,North America,Canada,Therapeutics,Collegiate,21,Accepted,2023
4751,McMaster-Canada,North America,Canada,Diagnostics,Collegiate,21,Accepted,2023
4819,McMasterU,North America,Canada,Therapeutics,Collegiate,21,Accepted,2023
4875,Metropolis-Shanghai,Asia,China,High School,Commercial,10,Accepted,2023
4682,MetroTorontoHS,North America,Canada,High School,High_school,2,Accepted,2023
4858,Michigan,North America,United States,Diagnostics,Collegiate,30,Accepted,2023
4652,Mingdao,Asia,Taiwan,High School,High_school,34,Accepted,2023
4856,Missouri-Miners,North America,United States,Diagnostics,Collegiate,4,Accepted,2023
4764,MIT,North America,United States,Therapeutics,Collegiate,7,Accepted,2023
4641,MIT-MAHE,Asia,India,Bioremediation,Collegiate,33,Accepted,2023
4697,Montpellier,Europe,France,Diagnostics,Collegiate,12,Accepted,2023
4665,MSP-Maastricht,Europe,Netherlands,Biomanufacturing,Collegiate,13,Accepted,2023
4574,Munich,Europe,Germany,Therapeutics,Collegiate,23,Accepted,2023
5016,MunichBioinformatics,Europe,Germany,Software & AI,Collegiate,9,Accepted,2023
4886,Nanjing-BioX,Asia,China,High School,Commercial,21,Accepted,2023
4779,Nanjing-BioXstem,Asia,China,High School,Commercial,29,Accepted,2023
4605,Nanjing-China,Asia,China,Biomanufacturing,Collegiate,31,Accepted,2023
4606,Nanjing-NFLS,Asia,China,High School,High_school,16,Accepted,2023
5022,NANJING-NFLSFC,Asia,China,High School,High_school,1,Accepted,2023
4885,Nanjing-SDG,Asia,China,High School,Commercial,19,Accepted,2023
4709,Nantes,Europe,France,Therapeutics,Collegiate,20,Accepted,2023
4613,NAU-CHINA,Asia,China,Food & Nutrition,Collegiate,41,Accepted,2023
5011,NavarraBG,Europe,Spain,High School,High_school,1,Pending,2023
4934,NCHU-Taichung,Asia,Taiwan,Conservation,Collegiate,11,Accepted,2023
4943,NCSU,North America,United States,Therapeutics,Collegiate,3,Accepted,2023
4753,NDSU,North America,United States,Agriculture,Collegiate,13,Accepted,2023
4827,NEFU-China,Asia,China,Biomanufacturing,Collegiate,2,Accepted,2023
4635,NEU-CHINA,Asia,China,Biomanufacturing,Collegiate,27,Accepted,2023
4901,NIS-Kazakhstan,Asia,Kazakhstan,High School,High_school,31,Accepted,2023
4705,NJMU-China,Asia,China,Therapeutics,Collegiate,31,Accepted,2023
4724,NJTech-China-A,Asia,China,Bioremediation,Collegiate,30,Accepted,2023
4800,NJTech-China-B,Asia,China,Biomanufacturing,Collegiate,25,Accepted,2023
4815,NJU-China,Asia,China,Foundational Advance,Collegiate,19,Accepted,2023
4656,NMU-China,Asia,China,Therapeutics,Collegiate,8,Accepted,2023
4790,NNU-CHINA,Asia,China,Bioremediation,Collegiate,25,Accepted,2023
4801,NPU-CHINA,Asia,China,Food & Nutrition,Collegiate,20,Accepted,2023
4636,NTHU-Taiwan,Asia,Taiwan,Diagnostics,Collegiate,33,Accepted,2023
4830,NTU-Singapore,Asia,Singapore,Foundational Advance,Collegiate,11,Accepted,2023
4782,NU-Kazakhstan,Asia,Kazakhstan,Therapeutics,Collegiate,23,Accepted,2023
4960,NUDT-CHINA,Asia,China,Therapeutics,Collegiate,4,Accepted,2023
4850,NUS-Singapore,Asia,Singapore,Foundational Advance,Collegiate,12,Accepted,2023
4762,NWU-CHINA-A,Asia,China,Therapeutics,Collegiate,11,Accepted,2023
4974,NYCEmpireState,North America,United States,High School,Commercial,13,Accepted,2023
4854,NYCU-Formosa,Asia,Taiwan,Biomanufacturing,Collegiate,19,Accepted,2023
4822,NYCU-Taipei,Asia,Taiwan,Diagnostics,Collegiate,22,Accepted,2023
4812,NYU-Abu-Dhabi,Asia,United Arab Emirates,Biomanufacturing,Collegiate,17,Accepted,2023
4820,NYU-New-York,North America,United States,Diagnostics,Collegiate,18,Accepted,2023
5027,Ohio-State-FABE,North America,United States,Therapeutics,Collegiate,15,Accepted,2023
4884,OKstate,North America,United States,Climate Crisis,Collegiate,11,Accepted,2023
4865,OTIA-Hangzhou,Asia,China,High School,Commercial,24,Accepted,2023
4711,OUC-China,Asia,China,Biomanufacturing,Collegiate,10,Accepted,2023
4596,OUC-Haide,Asia,China,Bioremediation,Collegiate,12,Accepted,2023
4932,Oxford,Europe,United Kingdom,Diagnostics,Collegiate,11,Accepted,2023
4602,Paris-Bettencourt,Europe,France,Therapeutics,Collegiate,7,Accepted,2023
4639,Patras,Europe,Greece,Diagnostics,Collegiate,16,Accepted,2023
5017,Patras-Med,Europe,Greece,Therapeutics,Collegiate,12,Accepted,2023
4973,PatrasBio,Europe,Greece,Conservation,Collegiate,16,Accepted,2023
4713,Peking,Asia,China,Therapeutics,Collegiate,14,Accepted,2023
4638,PekingHSC,Asia,China,Therapeutics,Collegiate,16,Accepted,2023
4950,PennState,North America,United States,Diagnostics,Collegiate,8,Accepted,2023
4971,PIHS-Beijing,Asia,China,High School,High_school,11,Accepted,2023
4926,PINGHE,Asia,China,High School,Commercial,4,Accepted,2023
4923,PLKLFC-1,Asia,Hong Kong,High School,High_school,23,Accepted,2023
4936,PLKNPLC-HK,Asia,Hong Kong,High School,High_school,7,Accepted,2023
4686,Princeton,North America,United States,Foundational Advance,Collegiate,14,Accepted,2023
4743,PTSH-Taiwan,Asia,Taiwan,High School,High_school,18,Accepted,2023
4814,PuiChing-Macau,Asia,Macao,High School,High_school,29,Accepted,2023
4894,Purdue,North America,United States,Biomanufacturing,Collegiate,3,Accepted,2023
4784,Qdai,Asia,Japan,Environment,Collegiate,9,Accepted,2023
4728,Queens-Canada,North America,Canada,Bioremediation,Collegiate,33,Accepted,2023
4996,RainsACA-China,Asia,China,High School,Commercial,1,Accepted,2023
4734,RBHS-SanDiego-CA,North America,United States,High School,High_school,11,Accepted,2023
4965,RDFZ-CHINA,Asia,China,High School,High_school,26,Accepted,2023
4689,REC-CHENNAI,Asia,India,Climate Crisis,Collegiate,21,Accepted,2023
4588,Rochester,North America,United States,Biomanufacturing,Collegiate,14,Accepted,2023
4806,RPTU-Kaiserslautern,Europe,Germany,Bioremediation,Collegiate,4,Accepted,2023
4741,RUBochum,Europe,Germany,Environment,Collegiate,13,Accepted,2023
4622,Saint-Joseph,Europe,Turkey,High School,High_school,13,Accepted,2023
4632,SCAU-China,Asia,China,Conservation,Collegiate,28,Accepted,2023
4847,SCIE-PearlDelta,Asia,China,High School,Commercial,15,Accepted,2023
4937,SCU-BSE-China,Asia,China,Foundational Advance,Collegiate,6,Accepted,2023
4817,SCU-China,Asia,China,Environment,Collegiate,3,Accepted,2023
4621,SCUT-China,Asia,China,Biomanufacturing,Collegiate,17,Accepted,2023
4583,SDU-CHINA,Asia,China,Biomanufacturing,Collegiate,17,Accepted,2023
4868,SDU-Denmark,Europe,Denmark,Bioremediation,Collegiate,20,Accepted,2023
4948,Seoul-Korea,Asia,"Korea, Republic Of",High School,Commercial,30,Accepted,2023
4887,Shanghai-BioX,Asia,China,High School,Commercial,20,Accepted,2023
4873,Shanghai-city,Asia,China,High School,Commercial,22,Accepted,2023
4874,Shanghai-HS,Asia,China,High School,Commercial,26,Accepted,2023
4889,Shanghai-MedX,Asia,China,High School,Commercial,17,Accepted,2023
4890,Shanghai-SDG,Asia,China,High School,Commercial,19,Accepted,2023
4594,ShanghaiTech-China,Asia,China,Climate Crisis,Collegiate,33,Accepted,2023
4939,Sheffield,Europe,United Kingdom,Foundational Advance,Collegiate,21,Accepted,2023
4672,SHSBNU-China,Asia,China,High School,High_school,20,Accepted,2023
4942,SHSID-China,Asia,China,High School,Commercial,4,Accepted,2023
4760,SJTU-BioX-Shanghai,Asia,China,Bioremediation,Collegiate,24,Accepted,2023
4589,SJTU-software,Asia,China,Software & AI,Collegiate,19,Accepted,2023
4911,SMBU,Asia,China,Diagnostics,Collegiate,23,Accepted,2023
4712,SMS-Shenzhen,Asia,China,High School,High_school,18,Accepted,2023
4643,Sorbonne-U-Paris,Europe,France,Bioremediation,Collegiate,18,Accepted,2023
5014,Squirrel-Beijing,Asia,China,,Commercial,1,Withdrawn,2023
5002,Squirrel-Beijing-I,Asia,China,High School,Commercial,15,Accepted,2023
5003,Squirrel-Beijing-II,Asia,China,,Commercial,1,Withdrawn,2023
5013,Squirrel-CHN,Asia,China,High School,Commercial,2,Accepted,2023
5009,Squirrel-CHN-II,Asia,China,High School,Commercial,18,Accepted,2023
5000,Squirrel-Guangzhou,Asia,China,High School,Commercial,29,Accepted,2023
5008,Squirrel-Shanghai,Asia,China,High School,Commercial,24,Accepted,2023
4951,Stanford,North America,United States,Environment,Collegiate,10,Accepted,2023
4658,Stockholm,Europe,Sweden,Environment,Collegiate,24,Accepted,2023
4647,Stony-Brook,North America,United States,Environment,Collegiate,24,Accepted,2023
4575,Stuttgart,Europe,Germany,Therapeutics,Collegiate,17,Accepted,2023
4845,SubCat-China,Asia,China,High School,Commercial,5,Accepted,2023
4909,SubCat-GD,Asia,China,High School,Commercial,4,Accepted,2023
4929,SubCat-HongKong,Asia,China,High School,Commercial,4,Accepted,2023
4904,SubCat-Peking,Asia,China,High School,Commercial,4,Accepted,2023
4908,SubCat-Shanghai,Asia,China,High School,Commercial,4,Accepted,2023
4785,SUSTech-CHINA,Asia,China,Therapeutics,Collegiate,20,Accepted,2023
4747,SUSTech-MED,Asia,China,Therapeutics,Collegiate,22,Accepted,2023
4809,SUSTech-OCE,Asia,China,Environment,Collegiate,23,Accepted,2023
4739,SUSTech-Shenzhen,Asia,China,Therapeutics,Collegiate,17,Accepted,2023
4864,SVCE-CHENNAI,Asia,India,Agriculture,Collegiate,18,Accepted,2023
4915,SWUer-China,Asia,China,Agriculture,Collegiate,17,Accepted,2023
4617,SYPHU-China,Asia,China,Therapeutics,Collegiate,25,Accepted,2023
4839,SYSU-SLS-CHINA,Asia,China,Therapeutics,Collegiate,19,Accepted,2023
4826,SYSU-Software,Asia,China,Software & AI,Collegiate,15,Accepted,2023
4844,SZ-SHD,Asia,China,High School,Commercial,7,Accepted,2023
4653,SZU-China,Asia,China,Agriculture,Collegiate,17,Accepted,2023
4673,Taipei-KCISLK-V1,Asia,Taiwan,High School,High_school,9,Accepted,2023
4648,TAU-Israel,Asia,Israel,Foundational Advance,Collegiate,15,Accepted,2023
4607,Tec-Chihuahua,Latin America,Mexico,Food & Nutrition,Collegiate,28,Accepted,2023
4633,Technion-Israel,Asia,Israel,Therapeutics,Collegiate,15,Accepted,2023
4763,TecMonterreyGDL,Latin America,Mexico,Environment,Collegiate,30,Accepted,2023
4629,Thailand-RIS,Asia,Thailand,High School,High_school,21,Accepted,2023
4735,The-Kings-School-AU,Asia,Australia,High School,High_school,12,Accepted,2023
4998,thessaloniki,Europe,Greece,Conservation,Collegiate,19,Accepted,2023
4624,Thessaly,Europe,Greece,Bioremediation,Collegiate,21,Accepted,2023
4986,THINKER-CHINA,Asia,China,High School,Commercial,10,Accepted,2023
4987,Thinker-Guangdong,Asia,China,High School,Commercial,3,Accepted,2023
5015,Thinker-SC,Asia,China,High School,Commercial,20,Accepted,2023
4988,Thinker-Shanghai,Asia,China,High School,Commercial,22,Accepted,2023
4979,Thinker-Shenzhen,Asia,China,High School,Commercial,26,Accepted,2023
4793,THIS-CHINA,Asia,China,High School,High_school,16,Accepted,2023
4989,Thrace,Europe,Greece,Therapeutics,Collegiate,14,Accepted,2023
4703,Tianjin,Asia,China,Conservation,Collegiate,1,Accepted,2023
4627,TJUSLS-China,Asia,China,Bioremediation,Collegiate,26,Accepted,2023
4828,TokyoTech,Asia,Japan,Diagnostics,Collegiate,21,Accepted,2023
4786,Tongji-China,Asia,China,Diagnostics,Collegiate,12,Accepted,2023
4787,Tongji-Software,Asia,China,Software & AI,Collegiate,16,Accepted,2023
4615,Toronto,North America,Canada,Climate Crisis,Collegiate,36,Accepted,2023
4768,Toulouse-INSA-UPS,Europe,France,Therapeutics,Collegiate,15,Accepted,2023
4843,TSB-Center,Asia,China,High School,Commercial,4,Accepted,2023
4841,TSBC-SZ,Asia,China,High School,Commercial,3,Accepted,2023
4634,Tsinghua,Asia,China,Therapeutics,Collegiate,31,Accepted,2023
4771,Tsinghua-A,Asia,China,Software & AI,Collegiate,12,Accepted,2023
4772,Tsinghua-TFL,Asia,China,Agriculture,Collegiate,12,Accepted,2023
4871,Tsukuba,Asia,Japan,Environment,Collegiate,20,Accepted,2023
4654,TU-Braunschweig,Europe,Germany,Diagnostics,Collegiate,11,Accepted,2023
4750,TU-Dresden,Europe,Germany,Bioremediation,Collegiate,9,Accepted,2023
4905,TU-Eindhoven,Europe,Netherlands,Therapeutics,Collegiate,12,Accepted,2023
4834,Tuebingen,Europe,Germany,Therapeutics,Collegiate,15,Accepted,2023
4755,UAlberta,North America,Canada,Agriculture,Collegiate,24,Accepted,2023
4733,UBC-Okanagan,North America,Canada,Conservation,Collegiate,20,Accepted,2023
4796,UBC-Vancouver,North America,Canada,Foundational Advance,Collegiate,25,Accepted,2023
4619,UCAS-China,Asia,China,Foundational Advance,Collegiate,10,Accepted,2023
4710,UChicago,North America,United States,Biomanufacturing,Collegiate,9,Accepted,2023
4984,UConn,North America,United States,Bioremediation,Collegiate,10,Accepted,2023
4592,UCSC,North America,United States,Bioremediation,Collegiate,17,Accepted,2023
4773,UESTC-China,Asia,China,Bioremediation,Collegiate,22,Accepted,2023
4975,UFlorida,North America,United States,Biomanufacturing,Collegiate,3,Accepted,2023
4914,UGM-Indonesia,Asia,Indonesia,Diagnostics,Collegiate,23,Accepted,2023
4749,UI-Indonesia,Asia,Indonesia,Therapeutics,Collegiate,24,Accepted,2023
4866,UIncheon,Asia,"Korea, Republic Of",Foundational Advance,Collegiate,16,Accepted,2023
4899,UiOslo-Norway,Europe,Norway,Diagnostics,Collegiate,8,Accepted,2023
4726,ULaval,North America,Canada,Therapeutics,Collegiate,15,Accepted,2023
4959,ULC,Asia,China,High School,Commercial,5,Accepted,2023
4716,UM-Macau,Asia,Macao,Therapeutics,Collegiate,35,Accepted,2023
4949,UManitoba,North America,Canada,Bioremediation,Collegiate,30,Accepted,2023
4860,UMaryland,North America,United States,Diagnostics,Collegiate,36,Accepted,2023
4893,UNC-ChapelHill,North America,United States,Diagnostics,Collegiate,11,Accepted,2023
4727,Uni-Padua-IT,Europe,Italy,Therapeutics,Collegiate,14,Accepted,2023
4983,uniCRETE,Europe,Greece,Bioremediation,Collegiate,15,Accepted,2023
5023,UNILA-LatAm,Latin America,Brazil,Bioremediation,Collegiate,16,Accepted,2023
4685,UNILausanne,Europe,Switzerland,Bioremediation,Collegiate,15,Accepted,2023
4675,UniMuenster,Europe,Germany,Conservation,Collegiate,27,Accepted,2023
4758,UNSW-Australia,Asia,Australia,Climate Crisis,Collegiate,11,Accepted,2023
4848,UNT,North America,United States,Climate Crisis,Collegiate,7,Accepted,2023
4598,UOregon,North America,United States,Therapeutics,Collegiate,22,Accepted,2023
4671,UPNAvarra-Spain,Europe,Spain,Food & Nutrition,Collegiate,19,Accepted,2023
4578,USAFA,North America,United States,Diagnostics,Collegiate,23,Accepted,2023
4857,USC,North America,United States,Agriculture,Collegiate,7,Accepted,2023
4590,USP-Brazil,Latin America,Brazil,Foundational Advance,Collegiate,16,Accepted,2023
5007,USP-EEL-Brazil,Latin America,Brazil,Biomanufacturing(P),Collegiate,1,Pending,2023
4679,USTC,Asia,China,Biomanufacturing,Collegiate,25,Accepted,2023
4659,USTC-Software,Asia,China,Software & AI,Collegiate,25,Accepted,2023
4803,UTokyo,Asia,Japan,Foundational Advance,Collegiate,20,Accepted,2023
4707,UVU-Utah,North America,United States,Bioremediation,Collegiate,15,Accepted,2023
4662,UZurich,Europe,Switzerland,Therapeutics,Collegiate,14,Accepted,2023
4719,Vilnius-Lithuania,Europe,Lithuania,Biomanufacturing,Collegiate,13,Accepted,2023
4853,Virginia,North America,United States,Therapeutics,Collegiate,12,Accepted,2023
4625,VITVellore,Asia,India,Environment,Collegiate,23,Accepted,2023
4663,WageningenUR,Europe,Netherlands,Agriculture,Collegiate,20,Accepted,2023
4600,Warwick,Europe,United Kingdom,Biomanufacturing,Collegiate,12,Accepted,2023
4821,Washington,North America,United States,Bioremediation,Collegiate,33,Accepted,2023
4704,Waterloo,North America,Canada,Agriculture,Collegiate,44,Accepted,2023
4748,Wego-Taipei,Asia,Taiwan,High School,High_school,19,Accepted,2023
4842,WestCentral-HS,Asia,China,High School,Commercial,4,Accepted,2023
4702,Westlake-China,Asia,China,Biomanufacturing,Collegiate,13,Accepted,2023
4859,WHS-Fremont,North America,United States,High School,High_school,5,Accepted,2023
4630,WHU-China,Asia,China,Foundational Advance,Collegiate,22,Accepted,2023
4631,William-and-Mary,North America,United States,Foundational Advance,Collegiate,13,Accepted,2023
5006,WIST,Asia,Taiwan,High School,High_school,11,Accepted,2023
4916,WLC-Milwaukee,North America,United States,Environment,Collegiate,2,Accepted,2023
4681,WrightState-OH,North America,United States,Environment,Collegiate,20,Accepted,2023
4795,Wuhan-Hubei-China,Asia,China,Agriculture,Collegiate,13,Accepted,2023
4903,WUST-China,Asia,China,Bioremediation,Collegiate,35,Accepted,2023
4730,WVHS-SanDiego,North America,United States,High School,High_school,12,Accepted,2023
4994,XHD-WuHan-China,Asia,China,High School,Commercial,11,Accepted,2023
4995,XHD-WuHan-Pro-China,Asia,China,High School,Commercial,14,Accepted,2023
4968,XJTLU-CHINA,Asia,China,Bioremediation,Collegiate,21,Accepted,2023
4835,XJU-China,Asia,China,Biomanufacturing,Collegiate,15,Accepted,2023
4907,XMU-China,Asia,China,Agriculture,Collegiate,33,Accepted,2023
4947,Yale,North America,United States,Biomanufacturing,Collegiate,7,Accepted,2023
4961,YangzhouNOFLS,Asia,China,High School,Commercial,6,Accepted,2023
4789,YiYe-China,Asia,China,High School,Commercial,25,Accepted,2023
4876,Zhejiang-United,Asia,China,High School,Commercial,4,Accepted,2023
4941,ZJFH-Nanjing,Asia,China,High School,Commercial,1,Accepted,2023
4628,ZJU-China,Asia,China,Agriculture,Collegiate,21,Accepted,2023
4776,ZJUintl-China,Asia,China,Therapeutics,Collegiate,15,Accepted,2023
4591,ZJUT-China,Asia,China,Bioremediation,Collegiate,35,Accepted,2023